,Year,Area_ID,Crime_Code_Description,Count
0,2010,1,ASSAULT,649
1,2010,1,BATTERY,1314
2,2010,1,BURGLARY,760
3,2010,1,FAMILIAL CRIME,40
4,2010,1,FRAUD,415
5,2010,1,GAMBLING,8
6,2010,1,KIDNAPPING,11
7,2010,1,MURDER,8
8,2010,1,OTHER,808
9,2010,1,ROBBERY,430
10,2010,1,SEXUAL CRIMES,163
11,2010,1,THEFT,1250
12,2010,1,VANDALISM,537
13,2010,1,WEAPON,69
14,2010,2,ASSAULT,1153
15,2010,2,BATTERY,1175
16,2010,2,BURGLARY,1016
17,2010,2,FAMILIAL CRIME,218
18,2010,2,FRAUD,625
19,2010,2,GAMBLING,29
20,2010,2,KIDNAPPING,18
21,2010,2,MURDER,17
22,2010,2,OTHER,768
23,2010,2,ROBBERY,735
24,2010,2,SEXUAL CRIMES,250
25,2010,2,THEFT,1488
26,2010,2,VANDALISM,789
27,2010,2,WEAPON,99
28,2010,3,ASSAULT,1465
29,2010,3,BATTERY,1537
30,2010,3,BURGLARY,2288
31,2010,3,FAMILIAL CRIME,335
32,2010,3,FRAUD,963
33,2010,3,GAMBLING,26
34,2010,3,KIDNAPPING,30
35,2010,3,MURDER,16
36,2010,3,OTHER,1126
37,2010,3,ROBBERY,945
38,2010,3,SEXUAL CRIMES,285
39,2010,3,THEFT,2319
40,2010,3,VANDALISM,1146
41,2010,3,WEAPON,98
42,2010,4,ASSAULT,726
43,2010,4,BATTERY,931
44,2010,4,BURGLARY,883
45,2010,4,FAMILIAL CRIME,195
46,2010,4,FRAUD,481
47,2010,4,GAMBLING,18
48,2010,4,KIDNAPPING,16
49,2010,4,MURDER,21
50,2010,4,OTHER,663
51,2010,4,ROBBERY,414
52,2010,4,SEXUAL CRIMES,196
53,2010,4,THEFT,1626
54,2010,4,VANDALISM,738
55,2010,4,WEAPON,97
56,2010,5,ASSAULT,990
57,2010,5,BATTERY,720
58,2010,5,BURGLARY,1553
59,2010,5,FAMILIAL CRIME,223
60,2010,5,FRAUD,799
61,2010,5,GAMBLING,12
62,2010,5,KIDNAPPING,18
63,2010,5,MURDER,17
64,2010,5,OTHER,921
65,2010,5,ROBBERY,321
66,2010,5,SEXUAL CRIMES,143
67,2010,5,THEFT,2081
68,2010,5,VANDALISM,1071
69,2010,5,WEAPON,112
70,2010,6,ASSAULT,747
71,2010,6,BATTERY,1141
72,2010,6,BURGLARY,1383
73,2010,6,FAMILIAL CRIME,78
74,2010,6,FRAUD,798
75,2010,6,GAMBLING,17
76,2010,6,KIDNAPPING,5
77,2010,6,MURDER,11
78,2010,6,OTHER,706
79,2010,6,ROBBERY,526
80,2010,6,SEXUAL CRIMES,255
81,2010,6,THEFT,1812
82,2010,6,VANDALISM,949
83,2010,6,WEAPON,39
84,2010,7,ASSAULT,536
85,2010,7,BATTERY,756
86,2010,7,BURGLARY,1656
87,2010,7,FAMILIAL CRIME,102
88,2010,7,FRAUD,1069
89,2010,7,GAMBLING,9
90,2010,7,KIDNAPPING,10
91,2010,7,MURDER,5
92,2010,7,OTHER,658
93,2010,7,ROBBERY,377
94,2010,7,SEXUAL CRIMES,211
95,2010,7,THEFT,1646
96,2010,7,VANDALISM,755
97,2010,7,WEAPON,49
98,2010,8,ASSAULT,282
99,2010,8,BATTERY,719
100,2010,8,BURGLARY,1664
101,2010,8,FAMILIAL CRIME,74
102,2010,8,FRAUD,1079
103,2010,8,GAMBLING,12
104,2010,8,KIDNAPPING,6
105,2010,8,MURDER,3
106,2010,8,OTHER,631
107,2010,8,ROBBERY,185
108,2010,8,SEXUAL CRIMES,288
109,2010,8,THEFT,1891
110,2010,8,VANDALISM,777
111,2010,8,WEAPON,36
112,2010,9,ASSAULT,942
113,2010,9,BATTERY,749
114,2010,9,BURGLARY,1916
115,2010,9,FAMILIAL CRIME,176
116,2010,9,FRAUD,1278
117,2010,9,GAMBLING,3
118,2010,9,KIDNAPPING,13
119,2010,9,MURDER,6
120,2010,9,OTHER,816
121,2010,9,ROBBERY,298
122,2010,9,SEXUAL CRIMES,332
123,2010,9,THEFT,1783
124,2010,9,VANDALISM,1018
125,2010,9,WEAPON,76
126,2010,10,ASSAULT,813
127,2010,10,BATTERY,708
128,2010,10,BURGLARY,1932
129,2010,10,FAMILIAL CRIME,168
130,2010,10,FRAUD,1148
131,2010,10,GAMBLING,24
132,2010,10,KIDNAPPING,14
133,2010,10,MURDER,3
134,2010,10,OTHER,860
135,2010,10,ROBBERY,279
136,2010,10,SEXUAL CRIMES,327
137,2010,10,THEFT,1576
138,2010,10,VANDALISM,872
139,2010,10,WEAPON,54
140,2010,11,ASSAULT,951
141,2010,11,BATTERY,991
142,2010,11,BURGLARY,1820
143,2010,11,FAMILIAL CRIME,180
144,2010,11,FRAUD,1161
145,2010,11,GAMBLING,5
146,2010,11,KIDNAPPING,12
147,2010,11,MURDER,8
148,2010,11,OTHER,877
149,2010,11,ROBBERY,438
150,2010,11,SEXUAL CRIMES,272
151,2010,11,THEFT,2140
152,2010,11,VANDALISM,1158
153,2010,11,WEAPON,82
154,2010,12,ASSAULT,1889
155,2010,12,BATTERY,1932
156,2010,12,BURGLARY,2120
157,2010,12,FAMILIAL CRIME,418
158,2010,12,FRAUD,799
159,2010,12,GAMBLING,3
160,2010,12,KIDNAPPING,41
161,2010,12,MURDER,39
162,2010,12,OTHER,1387
163,2010,12,ROBBERY,1260
164,2010,12,SEXUAL CRIMES,330
165,2010,12,THEFT,2156
166,2010,12,VANDALISM,1282
167,2010,12,WEAPON,125
168,2010,13,ASSAULT,1257
169,2010,13,BATTERY,1141
170,2010,13,BURGLARY,1359
171,2010,13,FAMILIAL CRIME,311
172,2010,13,FRAUD,411
173,2010,13,GAMBLING,1
174,2010,13,KIDNAPPING,20
175,2010,13,MURDER,39
176,2010,13,OTHER,873
177,2010,13,ROBBERY,929
178,2010,13,SEXUAL CRIMES,170
179,2010,13,THEFT,2172
180,2010,13,VANDALISM,830
181,2010,13,WEAPON,107
182,2010,14,ASSAULT,396
183,2010,14,BATTERY,1018
184,2010,14,BURGLARY,2182
185,2010,14,FAMILIAL CRIME,96
186,2010,14,FRAUD,1102
187,2010,14,GAMBLING,17
188,2010,14,KIDNAPPING,5
189,2010,14,MURDER,2
190,2010,14,OTHER,822
191,2010,14,ROBBERY,350
192,2010,14,SEXUAL CRIMES,224
193,2010,14,THEFT,2836
194,2010,14,VANDALISM,1070
195,2010,14,WEAPON,56
196,2010,15,ASSAULT,897
197,2010,15,BATTERY,907
198,2010,15,BURGLARY,2535
199,2010,15,FAMILIAL CRIME,180
200,2010,15,FRAUD,1300
201,2010,15,GAMBLING,6
202,2010,15,KIDNAPPING,17
203,2010,15,MURDER,13
204,2010,15,OTHER,723
205,2010,15,ROBBERY,399
206,2010,15,SEXUAL CRIMES,307
207,2010,15,THEFT,2194
208,2010,15,VANDALISM,1175
209,2010,15,WEAPON,59
210,2010,16,ASSAULT,1017
211,2010,16,BATTERY,779
212,2010,16,BURGLARY,1601
213,2010,16,FAMILIAL CRIME,268
214,2010,16,FRAUD,895
215,2010,16,GAMBLING,11
216,2010,16,KIDNAPPING,18
217,2010,16,MURDER,14
218,2010,16,OTHER,833
219,2010,16,ROBBERY,312
220,2010,16,SEXUAL CRIMES,220
221,2010,16,THEFT,1901
222,2010,16,VANDALISM,918
223,2010,16,WEAPON,68
224,2010,17,ASSAULT,616
225,2010,17,BATTERY,779
226,2010,17,BURGLARY,2487
227,2010,17,FAMILIAL CRIME,141
228,2010,17,FRAUD,1628
229,2010,17,GAMBLING,25
230,2010,17,KIDNAPPING,21
231,2010,17,MURDER,3
232,2010,17,OTHER,806
233,2010,17,ROBBERY,264
234,2010,17,SEXUAL CRIMES,260
235,2010,17,THEFT,1984
236,2010,17,VANDALISM,1105
237,2010,17,WEAPON,47
238,2010,18,ASSAULT,1579
239,2010,18,BATTERY,1439
240,2010,18,BURGLARY,1698
241,2010,18,FAMILIAL CRIME,311
242,2010,18,FRAUD,554
243,2010,18,GAMBLING,1
244,2010,18,KIDNAPPING,44
245,2010,18,MURDER,46
246,2010,18,OTHER,847
247,2010,18,ROBBERY,1027
248,2010,18,SEXUAL CRIMES,198
249,2010,18,THEFT,1759
250,2010,18,VANDALISM,1018
251,2010,18,WEAPON,104
252,2010,19,ASSAULT,991
253,2010,19,BATTERY,1190
254,2010,19,BURGLARY,1660
255,2010,19,FAMILIAL CRIME,361
256,2010,19,FRAUD,1104
257,2010,19,GAMBLING,33
258,2010,19,KIDNAPPING,15
259,2010,19,MURDER,14
260,2010,19,OTHER,904
261,2010,19,ROBBERY,431
262,2010,19,SEXUAL CRIMES,326
263,2010,19,THEFT,1897
264,2010,19,VANDALISM,1081
265,2010,19,WEAPON,87
266,2010,20,ASSAULT,670
267,2010,20,BATTERY,1241
268,2010,20,BURGLARY,1285
269,2010,20,FAMILIAL CRIME,206
270,2010,20,FRAUD,814
271,2010,20,GAMBLING,32
272,2010,20,KIDNAPPING,9
273,2010,20,MURDER,4
274,2010,20,OTHER,719
275,2010,20,ROBBERY,743
276,2010,20,SEXUAL CRIMES,240
277,2010,20,THEFT,1601
278,2010,20,VANDALISM,763
279,2010,20,WEAPON,43
280,2010,21,ASSAULT,656
281,2010,21,BATTERY,863
282,2010,21,BURGLARY,1682
283,2010,21,FAMILIAL CRIME,183
284,2010,21,FRAUD,1484
285,2010,21,GAMBLING,30
286,2010,21,KIDNAPPING,14
287,2010,21,MURDER,7
288,2010,21,OTHER,952
289,2010,21,ROBBERY,258
290,2010,21,SEXUAL CRIMES,319
291,2010,21,THEFT,1741
292,2010,21,VANDALISM,925
293,2010,21,WEAPON,39
294,2011,1,ASSAULT,689
295,2011,1,BATTERY,1330
296,2011,1,BURGLARY,861
297,2011,1,FAMILIAL CRIME,34
298,2011,1,FRAUD,418
299,2011,1,GAMBLING,3
300,2011,1,KIDNAPPING,13
301,2011,1,MURDER,11
302,2011,1,OTHER,643
303,2011,1,ROBBERY,480
304,2011,1,SEXUAL CRIMES,127
305,2011,1,THEFT,1056
306,2011,1,VANDALISM,554
307,2011,1,WEAPON,64
308,2011,2,ASSAULT,1314
309,2011,2,BATTERY,955
310,2011,2,BURGLARY,843
311,2011,2,FAMILIAL CRIME,195
312,2011,2,FRAUD,693
313,2011,2,GAMBLING,48
314,2011,2,KIDNAPPING,12
315,2011,2,MURDER,13
316,2011,2,OTHER,728
317,2011,2,ROBBERY,738
318,2011,2,SEXUAL CRIMES,269
319,2011,2,THEFT,1310
320,2011,2,VANDALISM,742
321,2011,2,WEAPON,79
322,2011,3,ASSAULT,1321
323,2011,3,BATTERY,1588
324,2011,3,BURGLARY,1879
325,2011,3,FAMILIAL CRIME,238
326,2011,3,FRAUD,942
327,2011,3,GAMBLING,22
328,2011,3,KIDNAPPING,26
329,2011,3,MURDER,22
330,2011,3,OTHER,1101
331,2011,3,ROBBERY,965
332,2011,3,SEXUAL CRIMES,262
333,2011,3,THEFT,1952
334,2011,3,VANDALISM,1151
335,2011,3,WEAPON,88
336,2011,4,ASSAULT,700
337,2011,4,BATTERY,852
338,2011,4,BURGLARY,750
339,2011,4,FAMILIAL CRIME,214
340,2011,4,FRAUD,453
341,2011,4,GAMBLING,28
342,2011,4,KIDNAPPING,16
343,2011,4,MURDER,19
344,2011,4,OTHER,568
345,2011,4,ROBBERY,327
346,2011,4,SEXUAL CRIMES,158
347,2011,4,THEFT,1187
348,2011,4,VANDALISM,691
349,2011,4,WEAPON,82
350,2011,5,ASSAULT,1080
351,2011,5,BATTERY,827
352,2011,5,BURGLARY,1693
353,2011,5,FAMILIAL CRIME,183
354,2011,5,FRAUD,758
355,2011,5,GAMBLING,36
356,2011,5,KIDNAPPING,8
357,2011,5,MURDER,31
358,2011,5,OTHER,872
359,2011,5,ROBBERY,288
360,2011,5,SEXUAL CRIMES,148
361,2011,5,THEFT,1958
362,2011,5,VANDALISM,1106
363,2011,5,WEAPON,111
364,2011,6,ASSAULT,764
365,2011,6,BATTERY,1235
366,2011,6,BURGLARY,1483
367,2011,6,FAMILIAL CRIME,66
368,2011,6,FRAUD,753
369,2011,6,GAMBLING,25
370,2011,6,KIDNAPPING,11
371,2011,6,MURDER,8
372,2011,6,OTHER,659
373,2011,6,ROBBERY,468
374,2011,6,SEXUAL CRIMES,247
375,2011,6,THEFT,1620
376,2011,6,VANDALISM,926
377,2011,6,WEAPON,39
378,2011,7,ASSAULT,433
379,2011,7,BATTERY,815
380,2011,7,BURGLARY,1776
381,2011,7,FAMILIAL CRIME,68
382,2011,7,FRAUD,1277
383,2011,7,GAMBLING,46
384,2011,7,KIDNAPPING,8
385,2011,7,MURDER,5
386,2011,7,OTHER,647
387,2011,7,ROBBERY,360
388,2011,7,SEXUAL CRIMES,196
389,2011,7,THEFT,1383
390,2011,7,VANDALISM,745
391,2011,7,WEAPON,54
392,2011,8,ASSAULT,345
393,2011,8,BATTERY,585
394,2011,8,BURGLARY,2133
395,2011,8,FAMILIAL CRIME,72
396,2011,8,FRAUD,1139
397,2011,8,GAMBLING,17
398,2011,8,KIDNAPPING,6
399,2011,8,MURDER,2
400,2011,8,OTHER,644
401,2011,8,ROBBERY,154
402,2011,8,SEXUAL CRIMES,229
403,2011,8,THEFT,1578
404,2011,8,VANDALISM,758
405,2011,8,WEAPON,33
406,2011,9,ASSAULT,879
407,2011,9,BATTERY,765
408,2011,9,BURGLARY,1555
409,2011,9,FAMILIAL CRIME,174
410,2011,9,FRAUD,1306
411,2011,9,GAMBLING,7
412,2011,9,KIDNAPPING,10
413,2011,9,MURDER,5
414,2011,9,OTHER,866
415,2011,9,ROBBERY,256
416,2011,9,SEXUAL CRIMES,272
417,2011,9,THEFT,1484
418,2011,9,VANDALISM,1030
419,2011,9,WEAPON,51
420,2011,10,ASSAULT,712
421,2011,10,BATTERY,666
422,2011,10,BURGLARY,1756
423,2011,10,FAMILIAL CRIME,146
424,2011,10,FRAUD,1232
425,2011,10,GAMBLING,43
426,2011,10,KIDNAPPING,6
427,2011,10,MURDER,5
428,2011,10,OTHER,839
429,2011,10,ROBBERY,218
430,2011,10,SEXUAL CRIMES,269
431,2011,10,THEFT,1356
432,2011,10,VANDALISM,863
433,2011,10,WEAPON,49
434,2011,11,ASSAULT,857
435,2011,11,BATTERY,864
436,2011,11,BURGLARY,1558
437,2011,11,FAMILIAL CRIME,174
438,2011,11,FRAUD,1213
439,2011,11,GAMBLING,16
440,2011,11,KIDNAPPING,13
441,2011,11,MURDER,12
442,2011,11,OTHER,761
443,2011,11,ROBBERY,319
444,2011,11,SEXUAL CRIMES,233
445,2011,11,THEFT,1968
446,2011,11,VANDALISM,1076
447,2011,11,WEAPON,80
448,2011,12,ASSAULT,1764
449,2011,12,BATTERY,1942
450,2011,12,BURGLARY,2107
451,2011,12,FAMILIAL CRIME,329
452,2011,12,FRAUD,967
453,2011,12,GAMBLING,12
454,2011,12,KIDNAPPING,33
455,2011,12,MURDER,32
456,2011,12,OTHER,1223
457,2011,12,ROBBERY,1253
458,2011,12,SEXUAL CRIMES,286
459,2011,12,THEFT,2135
460,2011,12,VANDALISM,1185
461,2011,12,WEAPON,119
462,2011,13,ASSAULT,1212
463,2011,13,BATTERY,996
464,2011,13,BURGLARY,1305
465,2011,13,FAMILIAL CRIME,261
466,2011,13,FRAUD,425
467,2011,13,GAMBLING,12
468,2011,13,KIDNAPPING,27
469,2011,13,MURDER,36
470,2011,13,OTHER,782
471,2011,13,ROBBERY,950
472,2011,13,SEXUAL CRIMES,199
473,2011,13,THEFT,1878
474,2011,13,VANDALISM,742
475,2011,13,WEAPON,83
476,2011,14,ASSAULT,453
477,2011,14,BATTERY,940
478,2011,14,BURGLARY,2088
479,2011,14,FAMILIAL CRIME,89
480,2011,14,FRAUD,997
481,2011,14,GAMBLING,11
482,2011,14,KIDNAPPING,7
483,2011,14,MURDER,7
484,2011,14,OTHER,767
485,2011,14,ROBBERY,291
486,2011,14,SEXUAL CRIMES,218
487,2011,14,THEFT,2187
488,2011,14,VANDALISM,1007
489,2011,14,WEAPON,39
490,2011,15,ASSAULT,866
491,2011,15,BATTERY,863
492,2011,15,BURGLARY,2090
493,2011,15,FAMILIAL CRIME,176
494,2011,15,FRAUD,1279
495,2011,15,GAMBLING,8
496,2011,15,KIDNAPPING,15
497,2011,15,MURDER,7
498,2011,15,OTHER,732
499,2011,15,ROBBERY,308
500,2011,15,SEXUAL CRIMES,310
501,2011,15,THEFT,1893
502,2011,15,VANDALISM,1166
503,2011,15,WEAPON,57
504,2011,16,ASSAULT,948
505,2011,16,BATTERY,667
506,2011,16,BURGLARY,1334
507,2011,16,FAMILIAL CRIME,285
508,2011,16,FRAUD,983
509,2011,16,GAMBLING,32
510,2011,16,KIDNAPPING,20
511,2011,16,MURDER,13
512,2011,16,OTHER,785
513,2011,16,ROBBERY,253
514,2011,16,SEXUAL CRIMES,219
515,2011,16,THEFT,1651
516,2011,16,VANDALISM,823
517,2011,16,WEAPON,76
518,2011,17,ASSAULT,605
519,2011,17,BATTERY,783
520,2011,17,BURGLARY,2261
521,2011,17,FAMILIAL CRIME,139
522,2011,17,FRAUD,1327
523,2011,17,GAMBLING,49
524,2011,17,KIDNAPPING,6
525,2011,17,MURDER,5
526,2011,17,OTHER,759
527,2011,17,ROBBERY,192
528,2011,17,SEXUAL CRIMES,255
529,2011,17,THEFT,1592
530,2011,17,VANDALISM,976
531,2011,17,WEAPON,55
532,2011,18,ASSAULT,1413
533,2011,18,BATTERY,1585
534,2011,18,BURGLARY,1579
535,2011,18,FAMILIAL CRIME,276
536,2011,18,FRAUD,536
537,2011,18,GAMBLING,1
538,2011,18,KIDNAPPING,38
539,2011,18,MURDER,46
540,2011,18,OTHER,882
541,2011,18,ROBBERY,1053
542,2011,18,SEXUAL CRIMES,262
543,2011,18,THEFT,1737
544,2011,18,VANDALISM,968
545,2011,18,WEAPON,134
546,2011,19,ASSAULT,971
547,2011,19,BATTERY,1189
548,2011,19,BURGLARY,1775
549,2011,19,FAMILIAL CRIME,334
550,2011,19,FRAUD,1176
551,2011,19,GAMBLING,23
552,2011,19,KIDNAPPING,14
553,2011,19,MURDER,11
554,2011,19,OTHER,926
555,2011,19,ROBBERY,374
556,2011,19,SEXUAL CRIMES,284
557,2011,19,THEFT,1744
558,2011,19,VANDALISM,1087
559,2011,19,WEAPON,82
560,2011,20,ASSAULT,642
561,2011,20,BATTERY,1086
562,2011,20,BURGLARY,1031
563,2011,20,FAMILIAL CRIME,189
564,2011,20,FRAUD,754
565,2011,20,GAMBLING,38
566,2011,20,KIDNAPPING,10
567,2011,20,MURDER,6
568,2011,20,OTHER,744
569,2011,20,ROBBERY,612
570,2011,20,SEXUAL CRIMES,223
571,2011,20,THEFT,1389
572,2011,20,VANDALISM,722
573,2011,20,WEAPON,42
574,2011,21,ASSAULT,530
575,2011,21,BATTERY,852
576,2011,21,BURGLARY,1628
577,2011,21,FAMILIAL CRIME,143
578,2011,21,FRAUD,1745
579,2011,21,GAMBLING,60
580,2011,21,KIDNAPPING,6
581,2011,21,MURDER,2
582,2011,21,OTHER,799
583,2011,21,ROBBERY,196
584,2011,21,SEXUAL CRIMES,282
585,2011,21,THEFT,1301
586,2011,21,VANDALISM,787
587,2011,21,WEAPON,38
588,2012,1,ASSAULT,734
589,2012,1,BATTERY,1356
590,2012,1,BURGLARY,833
591,2012,1,FAMILIAL CRIME,49
592,2012,1,FRAUD,533
593,2012,1,GAMBLING,69
594,2012,1,KIDNAPPING,14
595,2012,1,MURDER,3
596,2012,1,OTHER,750
597,2012,1,ROBBERY,525
598,2012,1,SEXUAL CRIMES,181
599,2012,1,THEFT,1363
600,2012,1,VANDALISM,628
601,2012,1,WEAPON,72
602,2012,2,ASSAULT,1201
603,2012,2,BATTERY,955
604,2012,2,BURGLARY,1017
605,2012,2,FAMILIAL CRIME,226
606,2012,2,FRAUD,745
607,2012,2,GAMBLING,80
608,2012,2,KIDNAPPING,13
609,2012,2,MURDER,20
610,2012,2,OTHER,716
611,2012,2,ROBBERY,684
612,2012,2,SEXUAL CRIMES,221
613,2012,2,THEFT,1418
614,2012,2,VANDALISM,711
615,2012,2,WEAPON,67
616,2012,3,ASSAULT,1163
617,2012,3,BATTERY,1875
618,2012,3,BURGLARY,1897
619,2012,3,FAMILIAL CRIME,286
620,2012,3,FRAUD,977
621,2012,3,GAMBLING,14
622,2012,3,KIDNAPPING,23
623,2012,3,MURDER,17
624,2012,3,OTHER,1095
625,2012,3,ROBBERY,777
626,2012,3,SEXUAL CRIMES,283
627,2012,3,THEFT,1828
628,2012,3,VANDALISM,1139
629,2012,3,WEAPON,65
630,2012,4,ASSAULT,715
631,2012,4,BATTERY,772
632,2012,4,BURGLARY,828
633,2012,4,FAMILIAL CRIME,202
634,2012,4,FRAUD,504
635,2012,4,GAMBLING,18
636,2012,4,KIDNAPPING,16
637,2012,4,MURDER,19
638,2012,4,OTHER,540
639,2012,4,ROBBERY,343
640,2012,4,SEXUAL CRIMES,152
641,2012,4,THEFT,1536
642,2012,4,VANDALISM,723
643,2012,4,WEAPON,97
644,2012,5,ASSAULT,975
645,2012,5,BATTERY,789
646,2012,5,BURGLARY,1445
647,2012,5,FAMILIAL CRIME,227
648,2012,5,FRAUD,725
649,2012,5,GAMBLING,22
650,2012,5,KIDNAPPING,6
651,2012,5,MURDER,19
652,2012,5,OTHER,851
653,2012,5,ROBBERY,270
654,2012,5,SEXUAL CRIMES,175
655,2012,5,THEFT,2002
656,2012,5,VANDALISM,936
657,2012,5,WEAPON,135
658,2012,6,ASSAULT,799
659,2012,6,BATTERY,1118
660,2012,6,BURGLARY,1362
661,2012,6,FAMILIAL CRIME,72
662,2012,6,FRAUD,910
663,2012,6,GAMBLING,24
664,2012,6,KIDNAPPING,11
665,2012,6,MURDER,6
666,2012,6,OTHER,646
667,2012,6,ROBBERY,510
668,2012,6,SEXUAL CRIMES,305
669,2012,6,THEFT,1578
670,2012,6,VANDALISM,901
671,2012,6,WEAPON,62
672,2012,7,ASSAULT,461
673,2012,7,BATTERY,853
674,2012,7,BURGLARY,1656
675,2012,7,FAMILIAL CRIME,117
676,2012,7,FRAUD,1150
677,2012,7,GAMBLING,58
678,2012,7,KIDNAPPING,11
679,2012,7,MURDER,9
680,2012,7,OTHER,628
681,2012,7,ROBBERY,314
682,2012,7,SEXUAL CRIMES,189
683,2012,7,THEFT,1321
684,2012,7,VANDALISM,670
685,2012,7,WEAPON,34
686,2012,8,ASSAULT,333
687,2012,8,BATTERY,701
688,2012,8,BURGLARY,1853
689,2012,8,FAMILIAL CRIME,62
690,2012,8,FRAUD,1413
691,2012,8,GAMBLING,7
692,2012,8,KIDNAPPING,4
693,2012,8,MURDER,3
694,2012,8,OTHER,562
695,2012,8,ROBBERY,126
696,2012,8,SEXUAL CRIMES,232
697,2012,8,THEFT,1549
698,2012,8,VANDALISM,801
699,2012,8,WEAPON,44
700,2012,9,ASSAULT,815
701,2012,9,BATTERY,848
702,2012,9,BURGLARY,1573
703,2012,9,FAMILIAL CRIME,155
704,2012,9,FRAUD,1388
705,2012,9,GAMBLING,1
706,2012,9,KIDNAPPING,19
707,2012,9,MURDER,5
708,2012,9,OTHER,842
709,2012,9,ROBBERY,218
710,2012,9,SEXUAL CRIMES,238
711,2012,9,THEFT,1506
712,2012,9,VANDALISM,957
713,2012,9,WEAPON,58
714,2012,10,ASSAULT,755
715,2012,10,BATTERY,651
716,2012,10,BURGLARY,1743
717,2012,10,FAMILIAL CRIME,134
718,2012,10,FRAUD,1302
719,2012,10,GAMBLING,59
720,2012,10,KIDNAPPING,10
721,2012,10,MURDER,4
722,2012,10,OTHER,772
723,2012,10,ROBBERY,202
724,2012,10,SEXUAL CRIMES,272
725,2012,10,THEFT,1394
726,2012,10,VANDALISM,940
727,2012,10,WEAPON,49
728,2012,11,ASSAULT,900
729,2012,11,BATTERY,789
730,2012,11,BURGLARY,1516
731,2012,11,FAMILIAL CRIME,140
732,2012,11,FRAUD,1129
733,2012,11,GAMBLING,24
734,2012,11,KIDNAPPING,20
735,2012,11,MURDER,12
736,2012,11,OTHER,804
737,2012,11,ROBBERY,322
738,2012,11,SEXUAL CRIMES,225
739,2012,11,THEFT,2095
740,2012,11,VANDALISM,1055
741,2012,11,WEAPON,83
742,2012,12,ASSAULT,1745
743,2012,12,BATTERY,1971
744,2012,12,BURGLARY,2152
745,2012,12,FAMILIAL CRIME,328
746,2012,12,FRAUD,1037
747,2012,12,GAMBLING,9
748,2012,12,KIDNAPPING,35
749,2012,12,MURDER,51
750,2012,12,OTHER,1233
751,2012,12,ROBBERY,1112
752,2012,12,SEXUAL CRIMES,294
753,2012,12,THEFT,2133
754,2012,12,VANDALISM,1202
755,2012,12,WEAPON,111
756,2012,13,ASSAULT,1009
757,2012,13,BATTERY,1082
758,2012,13,BURGLARY,1359
759,2012,13,FAMILIAL CRIME,210
760,2012,13,FRAUD,448
761,2012,13,GAMBLING,18
762,2012,13,KIDNAPPING,21
763,2012,13,MURDER,16
764,2012,13,OTHER,718
765,2012,13,ROBBERY,761
766,2012,13,SEXUAL CRIMES,126
767,2012,13,THEFT,1732
768,2012,13,VANDALISM,770
769,2012,13,WEAPON,82
770,2012,14,ASSAULT,397
771,2012,14,BATTERY,845
772,2012,14,BURGLARY,2213
773,2012,14,FAMILIAL CRIME,84
774,2012,14,FRAUD,1199
775,2012,14,GAMBLING,31
776,2012,14,KIDNAPPING,2
777,2012,14,MURDER,5
778,2012,14,OTHER,731
779,2012,14,ROBBERY,296
780,2012,14,SEXUAL CRIMES,200
781,2012,14,THEFT,2074
782,2012,14,VANDALISM,966
783,2012,14,WEAPON,55
784,2012,15,ASSAULT,881
785,2012,15,BATTERY,977
786,2012,15,BURGLARY,2053
787,2012,15,FAMILIAL CRIME,185
788,2012,15,FRAUD,1544
789,2012,15,GAMBLING,10
790,2012,15,KIDNAPPING,10
791,2012,15,MURDER,9
792,2012,15,OTHER,816
793,2012,15,ROBBERY,245
794,2012,15,SEXUAL CRIMES,322
795,2012,15,THEFT,2017
796,2012,15,VANDALISM,1169
797,2012,15,WEAPON,57
798,2012,16,ASSAULT,856
799,2012,16,BATTERY,609
800,2012,16,BURGLARY,1122
801,2012,16,FAMILIAL CRIME,217
802,2012,16,FRAUD,950
803,2012,16,GAMBLING,26
804,2012,16,KIDNAPPING,16
805,2012,16,MURDER,18
806,2012,16,OTHER,732
807,2012,16,ROBBERY,211
808,2012,16,SEXUAL CRIMES,238
809,2012,16,THEFT,1612
810,2012,16,VANDALISM,829
811,2012,16,WEAPON,62
812,2012,17,ASSAULT,606
813,2012,17,BATTERY,718
814,2012,17,BURGLARY,2070
815,2012,17,FAMILIAL CRIME,122
816,2012,17,FRAUD,1260
817,2012,17,GAMBLING,60
818,2012,17,KIDNAPPING,11
819,2012,17,MURDER,7
820,2012,17,OTHER,765
821,2012,17,ROBBERY,150
822,2012,17,SEXUAL CRIMES,245
823,2012,17,THEFT,1743
824,2012,17,VANDALISM,895
825,2012,17,WEAPON,64
826,2012,18,ASSAULT,1605
827,2012,18,BATTERY,1296
828,2012,18,BURGLARY,1539
829,2012,18,FAMILIAL CRIME,288
830,2012,18,FRAUD,555
831,2012,18,GAMBLING,3
832,2012,18,KIDNAPPING,30
833,2012,18,MURDER,43
834,2012,18,OTHER,861
835,2012,18,ROBBERY,833
836,2012,18,SEXUAL CRIMES,207
837,2012,18,THEFT,1493
838,2012,18,VANDALISM,993
839,2012,18,WEAPON,147
840,2012,19,ASSAULT,975
841,2012,19,BATTERY,1231
842,2012,19,BURGLARY,1650
843,2012,19,FAMILIAL CRIME,369
844,2012,19,FRAUD,1187
845,2012,19,GAMBLING,43
846,2012,19,KIDNAPPING,22
847,2012,19,MURDER,13
848,2012,19,OTHER,916
849,2012,19,ROBBERY,344
850,2012,19,SEXUAL CRIMES,294
851,2012,19,THEFT,1755
852,2012,19,VANDALISM,1025
853,2012,19,WEAPON,72
854,2012,20,ASSAULT,726
855,2012,20,BATTERY,1201
856,2012,20,BURGLARY,1208
857,2012,20,FAMILIAL CRIME,173
858,2012,20,FRAUD,964
859,2012,20,GAMBLING,32
860,2012,20,KIDNAPPING,18
861,2012,20,MURDER,14
862,2012,20,OTHER,627
863,2012,20,ROBBERY,562
864,2012,20,SEXUAL CRIMES,208
865,2012,20,THEFT,1444
866,2012,20,VANDALISM,702
867,2012,20,WEAPON,63
868,2012,21,ASSAULT,661
869,2012,21,BATTERY,644
870,2012,21,BURGLARY,1537
871,2012,21,FAMILIAL CRIME,114
872,2012,21,FRAUD,1794
873,2012,21,GAMBLING,59
874,2012,21,KIDNAPPING,12
875,2012,21,MURDER,5
876,2012,21,OTHER,703
877,2012,21,ROBBERY,161
878,2012,21,SEXUAL CRIMES,310
879,2012,21,THEFT,1368
880,2012,21,VANDALISM,792
881,2012,21,WEAPON,50
882,2013,1,ASSAULT,686
883,2013,1,BATTERY,1356
884,2013,1,BURGLARY,763
885,2013,1,FAMILIAL CRIME,30
886,2013,1,FRAUD,530
887,2013,1,GAMBLING,53
888,2013,1,KIDNAPPING,15
889,2013,1,MURDER,8
890,2013,1,OTHER,714
891,2013,1,ROBBERY,421
892,2013,1,SEXUAL CRIMES,148
893,2013,1,THEFT,1211
894,2013,1,VANDALISM,638
895,2013,1,WEAPON,79
896,2013,2,ASSAULT,1233
897,2013,2,BATTERY,934
898,2013,2,BURGLARY,916
899,2013,2,FAMILIAL CRIME,136
900,2013,2,FRAUD,717
901,2013,2,GAMBLING,45
902,2013,2,KIDNAPPING,22
903,2013,2,MURDER,13
904,2013,2,OTHER,727
905,2013,2,ROBBERY,596
906,2013,2,SEXUAL CRIMES,182
907,2013,2,THEFT,1231
908,2013,2,VANDALISM,748
909,2013,2,WEAPON,68
910,2013,3,ASSAULT,1111
911,2013,3,BATTERY,1734
912,2013,3,BURGLARY,1751
913,2013,3,FAMILIAL CRIME,223
914,2013,3,FRAUD,1076
915,2013,3,GAMBLING,13
916,2013,3,KIDNAPPING,14
917,2013,3,MURDER,26
918,2013,3,OTHER,984
919,2013,3,ROBBERY,738
920,2013,3,SEXUAL CRIMES,251
921,2013,3,THEFT,1877
922,2013,3,VANDALISM,1149
923,2013,3,WEAPON,75
924,2013,4,ASSAULT,664
925,2013,4,BATTERY,806
926,2013,4,BURGLARY,758
927,2013,4,FAMILIAL CRIME,182
928,2013,4,FRAUD,469
929,2013,4,GAMBLING,33
930,2013,4,KIDNAPPING,16
931,2013,4,MURDER,17
932,2013,4,OTHER,551
933,2013,4,ROBBERY,268
934,2013,4,SEXUAL CRIMES,140
935,2013,4,THEFT,1454
936,2013,4,VANDALISM,707
937,2013,4,WEAPON,64
938,2013,5,ASSAULT,918
939,2013,5,BATTERY,602
940,2013,5,BURGLARY,1310
941,2013,5,FAMILIAL CRIME,155
942,2013,5,FRAUD,678
943,2013,5,GAMBLING,38
944,2013,5,KIDNAPPING,11
945,2013,5,MURDER,13
946,2013,5,OTHER,712
947,2013,5,ROBBERY,227
948,2013,5,SEXUAL CRIMES,124
949,2013,5,THEFT,1770
950,2013,5,VANDALISM,925
951,2013,5,WEAPON,94
952,2013,6,ASSAULT,733
953,2013,6,BATTERY,1069
954,2013,6,BURGLARY,1113
955,2013,6,FAMILIAL CRIME,56
956,2013,6,FRAUD,833
957,2013,6,GAMBLING,20
958,2013,6,KIDNAPPING,9
959,2013,6,MURDER,7
960,2013,6,OTHER,657
961,2013,6,ROBBERY,383
962,2013,6,SEXUAL CRIMES,237
963,2013,6,THEFT,1567
964,2013,6,VANDALISM,819
965,2013,6,WEAPON,52
966,2013,7,ASSAULT,435
967,2013,7,BATTERY,789
968,2013,7,BURGLARY,1548
969,2013,7,FAMILIAL CRIME,69
970,2013,7,FRAUD,1112
971,2013,7,GAMBLING,54
972,2013,7,KIDNAPPING,7
973,2013,7,MURDER,6
974,2013,7,OTHER,543
975,2013,7,ROBBERY,312
976,2013,7,SEXUAL CRIMES,155
977,2013,7,THEFT,1533
978,2013,7,VANDALISM,614
979,2013,7,WEAPON,37
980,2013,8,ASSAULT,344
981,2013,8,BATTERY,738
982,2013,8,BURGLARY,1760
983,2013,8,FAMILIAL CRIME,42
984,2013,8,FRAUD,1095
985,2013,8,GAMBLING,18
986,2013,8,KIDNAPPING,4
987,2013,8,MURDER,3
988,2013,8,OTHER,568
989,2013,8,ROBBERY,134
990,2013,8,SEXUAL CRIMES,202
991,2013,8,THEFT,1574
992,2013,8,VANDALISM,703
993,2013,8,WEAPON,33
994,2013,9,ASSAULT,803
995,2013,9,BATTERY,785
996,2013,9,BURGLARY,1651
997,2013,9,FAMILIAL CRIME,124
998,2013,9,FRAUD,1363
999,2013,9,GAMBLING,2
1000,2013,9,KIDNAPPING,8
1001,2013,9,MURDER,4
1002,2013,9,OTHER,710
1003,2013,9,ROBBERY,193
1004,2013,9,SEXUAL CRIMES,248
1005,2013,9,THEFT,1590
1006,2013,9,VANDALISM,847
1007,2013,9,WEAPON,62
1008,2013,10,ASSAULT,699
1009,2013,10,BATTERY,628
1010,2013,10,BURGLARY,1622
1011,2013,10,FAMILIAL CRIME,147
1012,2013,10,FRAUD,1183
1013,2013,10,GAMBLING,52
1014,2013,10,KIDNAPPING,22
1015,2013,10,MURDER,4
1016,2013,10,OTHER,757
1017,2013,10,ROBBERY,190
1018,2013,10,SEXUAL CRIMES,242
1019,2013,10,THEFT,1240
1020,2013,10,VANDALISM,800
1021,2013,10,WEAPON,64
1022,2013,11,ASSAULT,804
1023,2013,11,BATTERY,723
1024,2013,11,BURGLARY,1480
1025,2013,11,FAMILIAL CRIME,157
1026,2013,11,FRAUD,1098
1027,2013,11,GAMBLING,43
1028,2013,11,KIDNAPPING,6
1029,2013,11,MURDER,9
1030,2013,11,OTHER,709
1031,2013,11,ROBBERY,232
1032,2013,11,SEXUAL CRIMES,223
1033,2013,11,THEFT,1918
1034,2013,11,VANDALISM,1023
1035,2013,11,WEAPON,70
1036,2013,12,ASSAULT,1598
1037,2013,12,BATTERY,1986
1038,2013,12,BURGLARY,2218
1039,2013,12,FAMILIAL CRIME,297
1040,2013,12,FRAUD,1002
1041,2013,12,GAMBLING,37
1042,2013,12,KIDNAPPING,25
1043,2013,12,MURDER,38
1044,2013,12,OTHER,1062
1045,2013,12,ROBBERY,988
1046,2013,12,SEXUAL CRIMES,264
1047,2013,12,THEFT,2162
1048,2013,12,VANDALISM,1192
1049,2013,12,WEAPON,144
1050,2013,13,ASSAULT,866
1051,2013,13,BATTERY,1064
1052,2013,13,BURGLARY,1339
1053,2013,13,FAMILIAL CRIME,172
1054,2013,13,FRAUD,435
1055,2013,13,GAMBLING,49
1056,2013,13,KIDNAPPING,17
1057,2013,13,MURDER,14
1058,2013,13,OTHER,718
1059,2013,13,ROBBERY,630
1060,2013,13,SEXUAL CRIMES,118
1061,2013,13,THEFT,1810
1062,2013,13,VANDALISM,713
1063,2013,13,WEAPON,65
1064,2013,14,ASSAULT,485
1065,2013,14,BATTERY,857
1066,2013,14,BURGLARY,1912
1067,2013,14,FAMILIAL CRIME,82
1068,2013,14,FRAUD,1154
1069,2013,14,GAMBLING,41
1070,2013,14,KIDNAPPING,5
1071,2013,14,MURDER,6
1072,2013,14,OTHER,698
1073,2013,14,ROBBERY,283
1074,2013,14,SEXUAL CRIMES,190
1075,2013,14,THEFT,2037
1076,2013,14,VANDALISM,908
1077,2013,14,WEAPON,45
1078,2013,15,ASSAULT,764
1079,2013,15,BATTERY,893
1080,2013,15,BURGLARY,2254
1081,2013,15,FAMILIAL CRIME,125
1082,2013,15,FRAUD,1512
1083,2013,15,GAMBLING,17
1084,2013,15,KIDNAPPING,14
1085,2013,15,MURDER,2
1086,2013,15,OTHER,866
1087,2013,15,ROBBERY,236
1088,2013,15,SEXUAL CRIMES,273
1089,2013,15,THEFT,1954
1090,2013,15,VANDALISM,1017
1091,2013,15,WEAPON,55
1092,2013,16,ASSAULT,761
1093,2013,16,BATTERY,535
1094,2013,16,BURGLARY,1229
1095,2013,16,FAMILIAL CRIME,206
1096,2013,16,FRAUD,843
1097,2013,16,GAMBLING,35
1098,2013,16,KIDNAPPING,15
1099,2013,16,MURDER,10
1100,2013,16,OTHER,619
1101,2013,16,ROBBERY,182
1102,2013,16,SEXUAL CRIMES,195
1103,2013,16,THEFT,1574
1104,2013,16,VANDALISM,807
1105,2013,16,WEAPON,71
1106,2013,17,ASSAULT,569
1107,2013,17,BATTERY,598
1108,2013,17,BURGLARY,1863
1109,2013,17,FAMILIAL CRIME,86
1110,2013,17,FRAUD,1426
1111,2013,17,GAMBLING,78
1112,2013,17,KIDNAPPING,7
1113,2013,17,MURDER,4
1114,2013,17,OTHER,737
1115,2013,17,ROBBERY,147
1116,2013,17,SEXUAL CRIMES,196
1117,2013,17,THEFT,1507
1118,2013,17,VANDALISM,789
1119,2013,17,WEAPON,29
1120,2013,18,ASSAULT,1595
1121,2013,18,BATTERY,1236
1122,2013,18,BURGLARY,1546
1123,2013,18,FAMILIAL CRIME,241
1124,2013,18,FRAUD,473
1125,2013,18,GAMBLING,4
1126,2013,18,KIDNAPPING,28
1127,2013,18,MURDER,47
1128,2013,18,OTHER,713
1129,2013,18,ROBBERY,720
1130,2013,18,SEXUAL CRIMES,183
1131,2013,18,THEFT,1651
1132,2013,18,VANDALISM,1034
1133,2013,18,WEAPON,141
1134,2013,19,ASSAULT,973
1135,2013,19,BATTERY,963
1136,2013,19,BURGLARY,1698
1137,2013,19,FAMILIAL CRIME,283
1138,2013,19,FRAUD,1199
1139,2013,19,GAMBLING,52
1140,2013,19,KIDNAPPING,14
1141,2013,19,MURDER,12
1142,2013,19,OTHER,891
1143,2013,19,ROBBERY,331
1144,2013,19,SEXUAL CRIMES,254
1145,2013,19,THEFT,1816
1146,2013,19,VANDALISM,1028
1147,2013,19,WEAPON,61
1148,2013,20,ASSAULT,708
1149,2013,20,BATTERY,1319
1150,2013,20,BURGLARY,1019
1151,2013,20,FAMILIAL CRIME,162
1152,2013,20,FRAUD,879
1153,2013,20,GAMBLING,38
1154,2013,20,KIDNAPPING,16
1155,2013,20,MURDER,4
1156,2013,20,OTHER,591
1157,2013,20,ROBBERY,499
1158,2013,20,SEXUAL CRIMES,198
1159,2013,20,THEFT,1393
1160,2013,20,VANDALISM,758
1161,2013,20,WEAPON,42
1162,2013,21,ASSAULT,713
1163,2013,21,BATTERY,627
1164,2013,21,BURGLARY,1686
1165,2013,21,FAMILIAL CRIME,122
1166,2013,21,FRAUD,1747
1167,2013,21,GAMBLING,70
1168,2013,21,KIDNAPPING,3
1169,2013,21,MURDER,3
1170,2013,21,OTHER,719
1171,2013,21,ROBBERY,158
1172,2013,21,SEXUAL CRIMES,266
1173,2013,21,THEFT,1355
1174,2013,21,VANDALISM,811
1175,2013,21,WEAPON,34
1176,2014,1,ASSAULT,908
1177,2014,1,BATTERY,1509
1178,2014,1,BURGLARY,753
1179,2014,1,FAMILIAL CRIME,27
1180,2014,1,FRAUD,581
1181,2014,1,GAMBLING,65
1182,2014,1,KIDNAPPING,6
1183,2014,1,MURDER,6
1184,2014,1,OTHER,744
1185,2014,1,ROBBERY,479
1186,2014,1,SEXUAL CRIMES,178
1187,2014,1,THEFT,1300
1188,2014,1,VANDALISM,710
1189,2014,1,WEAPON,83
1190,2014,2,ASSAULT,1308
1191,2014,2,BATTERY,1018
1192,2014,2,BURGLARY,1149
1193,2014,2,FAMILIAL CRIME,120
1194,2014,2,FRAUD,685
1195,2014,2,GAMBLING,54
1196,2014,2,KIDNAPPING,21
1197,2014,2,MURDER,14
1198,2014,2,OTHER,683
1199,2014,2,ROBBERY,499
1200,2014,2,SEXUAL CRIMES,217
1201,2014,2,THEFT,1286
1202,2014,2,VANDALISM,807
1203,2014,2,WEAPON,67
1204,2014,3,ASSAULT,1407
1205,2014,3,BATTERY,1705
1206,2014,3,BURGLARY,1617
1207,2014,3,FAMILIAL CRIME,182
1208,2014,3,FRAUD,1248
1209,2014,3,GAMBLING,58
1210,2014,3,KIDNAPPING,20
1211,2014,3,MURDER,25
1212,2014,3,OTHER,1049
1213,2014,3,ROBBERY,744
1214,2014,3,SEXUAL CRIMES,296
1215,2014,3,THEFT,1885
1216,2014,3,VANDALISM,1164
1217,2014,3,WEAPON,123
1218,2014,4,ASSAULT,903
1219,2014,4,BATTERY,705
1220,2014,4,BURGLARY,695
1221,2014,4,FAMILIAL CRIME,135
1222,2014,4,FRAUD,446
1223,2014,4,GAMBLING,41
1224,2014,4,KIDNAPPING,13
1225,2014,4,MURDER,16
1226,2014,4,OTHER,597
1227,2014,4,ROBBERY,281
1228,2014,4,SEXUAL CRIMES,133
1229,2014,4,THEFT,1575
1230,2014,4,VANDALISM,708
1231,2014,4,WEAPON,103
1232,2014,5,ASSAULT,945
1233,2014,5,BATTERY,690
1234,2014,5,BURGLARY,1192
1235,2014,5,FAMILIAL CRIME,186
1236,2014,5,FRAUD,602
1237,2014,5,GAMBLING,45
1238,2014,5,KIDNAPPING,15
1239,2014,5,MURDER,5
1240,2014,5,OTHER,711
1241,2014,5,ROBBERY,232
1242,2014,5,SEXUAL CRIMES,170
1243,2014,5,THEFT,1692
1244,2014,5,VANDALISM,887
1245,2014,5,WEAPON,74
1246,2014,6,ASSAULT,799
1247,2014,6,BATTERY,1080
1248,2014,6,BURGLARY,1216
1249,2014,6,FAMILIAL CRIME,55
1250,2014,6,FRAUD,717
1251,2014,6,GAMBLING,41
1252,2014,6,KIDNAPPING,10
1253,2014,6,MURDER,7
1254,2014,6,OTHER,622
1255,2014,6,ROBBERY,375
1256,2014,6,SEXUAL CRIMES,255
1257,2014,6,THEFT,1489
1258,2014,6,VANDALISM,843
1259,2014,6,WEAPON,68
1260,2014,7,ASSAULT,547
1261,2014,7,BATTERY,748
1262,2014,7,BURGLARY,1519
1263,2014,7,FAMILIAL CRIME,119
1264,2014,7,FRAUD,966
1265,2014,7,GAMBLING,93
1266,2014,7,KIDNAPPING,13
1267,2014,7,MURDER,8
1268,2014,7,OTHER,552
1269,2014,7,ROBBERY,297
1270,2014,7,SEXUAL CRIMES,192
1271,2014,7,THEFT,1473
1272,2014,7,VANDALISM,703
1273,2014,7,WEAPON,43
1274,2014,8,ASSAULT,335
1275,2014,8,BATTERY,756
1276,2014,8,BURGLARY,1694
1277,2014,8,FAMILIAL CRIME,35
1278,2014,8,FRAUD,1101
1279,2014,8,GAMBLING,82
1280,2014,8,KIDNAPPING,3
1281,2014,8,MURDER,4
1282,2014,8,OTHER,586
1283,2014,8,ROBBERY,128
1284,2014,8,SEXUAL CRIMES,222
1285,2014,8,THEFT,1546
1286,2014,8,VANDALISM,739
1287,2014,8,WEAPON,37
1288,2014,9,ASSAULT,975
1289,2014,9,BATTERY,853
1290,2014,9,BURGLARY,1374
1291,2014,9,FAMILIAL CRIME,129
1292,2014,9,FRAUD,1305
1293,2014,9,GAMBLING,18
1294,2014,9,KIDNAPPING,11
1295,2014,9,MURDER,7
1296,2014,9,OTHER,840
1297,2014,9,ROBBERY,215
1298,2014,9,SEXUAL CRIMES,226
1299,2014,9,THEFT,1538
1300,2014,9,VANDALISM,909
1301,2014,9,WEAPON,57
1302,2014,10,ASSAULT,789
1303,2014,10,BATTERY,571
1304,2014,10,BURGLARY,1391
1305,2014,10,FAMILIAL CRIME,100
1306,2014,10,FRAUD,1106
1307,2014,10,GAMBLING,92
1308,2014,10,KIDNAPPING,9
1309,2014,10,MURDER,4
1310,2014,10,OTHER,714
1311,2014,10,ROBBERY,200
1312,2014,10,SEXUAL CRIMES,218
1313,2014,10,THEFT,1361
1314,2014,10,VANDALISM,712
1315,2014,10,WEAPON,47
1316,2014,11,ASSAULT,900
1317,2014,11,BATTERY,788
1318,2014,11,BURGLARY,1504
1319,2014,11,FAMILIAL CRIME,119
1320,2014,11,FRAUD,1069
1321,2014,11,GAMBLING,76
1322,2014,11,KIDNAPPING,9
1323,2014,11,MURDER,7
1324,2014,11,OTHER,831
1325,2014,11,ROBBERY,298
1326,2014,11,SEXUAL CRIMES,249
1327,2014,11,THEFT,1998
1328,2014,11,VANDALISM,1120
1329,2014,11,WEAPON,43
1330,2014,12,ASSAULT,2423
1331,2014,12,BATTERY,1559
1332,2014,12,BURGLARY,1739
1333,2014,12,FAMILIAL CRIME,287
1334,2014,12,FRAUD,905
1335,2014,12,GAMBLING,121
1336,2014,12,KIDNAPPING,30
1337,2014,12,MURDER,50
1338,2014,12,OTHER,1191
1339,2014,12,ROBBERY,1014
1340,2014,12,SEXUAL CRIMES,286
1341,2014,12,THEFT,2061
1342,2014,12,VANDALISM,1447
1343,2014,12,WEAPON,154
1344,2014,13,ASSAULT,1375
1345,2014,13,BATTERY,962
1346,2014,13,BURGLARY,1173
1347,2014,13,FAMILIAL CRIME,163
1348,2014,13,FRAUD,435
1349,2014,13,GAMBLING,49
1350,2014,13,KIDNAPPING,11
1351,2014,13,MURDER,16
1352,2014,13,OTHER,811
1353,2014,13,ROBBERY,627
1354,2014,13,SEXUAL CRIMES,158
1355,2014,13,THEFT,1826
1356,2014,13,VANDALISM,854
1357,2014,13,WEAPON,84
1358,2014,14,ASSAULT,481
1359,2014,14,BATTERY,951
1360,2014,14,BURGLARY,1923
1361,2014,14,FAMILIAL CRIME,63
1362,2014,14,FRAUD,1240
1363,2014,14,GAMBLING,98
1364,2014,14,KIDNAPPING,9
1365,2014,14,MURDER,1
1366,2014,14,OTHER,715
1367,2014,14,ROBBERY,247
1368,2014,14,SEXUAL CRIMES,228
1369,2014,14,THEFT,2212
1370,2014,14,VANDALISM,1026
1371,2014,14,WEAPON,52
1372,2014,15,ASSAULT,738
1373,2014,15,BATTERY,942
1374,2014,15,BURGLARY,1775
1375,2014,15,FAMILIAL CRIME,125
1376,2014,15,FRAUD,1470
1377,2014,15,GAMBLING,83
1378,2014,15,KIDNAPPING,14
1379,2014,15,MURDER,7
1380,2014,15,OTHER,817
1381,2014,15,ROBBERY,185
1382,2014,15,SEXUAL CRIMES,265
1383,2014,15,THEFT,1939
1384,2014,15,VANDALISM,1077
1385,2014,15,WEAPON,51
1386,2014,16,ASSAULT,812
1387,2014,16,BATTERY,580
1388,2014,16,BURGLARY,866
1389,2014,16,FAMILIAL CRIME,156
1390,2014,16,FRAUD,938
1391,2014,16,GAMBLING,68
1392,2014,16,KIDNAPPING,14
1393,2014,16,MURDER,14
1394,2014,16,OTHER,622
1395,2014,16,ROBBERY,190
1396,2014,16,SEXUAL CRIMES,190
1397,2014,16,THEFT,1493
1398,2014,16,VANDALISM,745
1399,2014,16,WEAPON,51
1400,2014,17,ASSAULT,697
1401,2014,17,BATTERY,652
1402,2014,17,BURGLARY,1461
1403,2014,17,FAMILIAL CRIME,100
1404,2014,17,FRAUD,1627
1405,2014,17,GAMBLING,112
1406,2014,17,KIDNAPPING,6
1407,2014,17,MURDER,2
1408,2014,17,OTHER,669
1409,2014,17,ROBBERY,138
1410,2014,17,SEXUAL CRIMES,223
1411,2014,17,THEFT,1497
1412,2014,17,VANDALISM,732
1413,2014,17,WEAPON,45
1414,2014,18,ASSAULT,1907
1415,2014,18,BATTERY,1173
1416,2014,18,BURGLARY,1387
1417,2014,18,FAMILIAL CRIME,206
1418,2014,18,FRAUD,426
1419,2014,18,GAMBLING,4
1420,2014,18,KIDNAPPING,27
1421,2014,18,MURDER,41
1422,2014,18,OTHER,834
1423,2014,18,ROBBERY,775
1424,2014,18,SEXUAL CRIMES,221
1425,2014,18,THEFT,1777
1426,2014,18,VANDALISM,1022
1427,2014,18,WEAPON,138
1428,2014,19,ASSAULT,1152
1429,2014,19,BATTERY,779
1430,2014,19,BURGLARY,1325
1431,2014,19,FAMILIAL CRIME,276
1432,2014,19,FRAUD,1388
1433,2014,19,GAMBLING,64
1434,2014,19,KIDNAPPING,10
1435,2014,19,MURDER,14
1436,2014,19,OTHER,916
1437,2014,19,ROBBERY,292
1438,2014,19,SEXUAL CRIMES,262
1439,2014,19,THEFT,1792
1440,2014,19,VANDALISM,964
1441,2014,19,WEAPON,54
1442,2014,20,ASSAULT,1064
1443,2014,20,BATTERY,1307
1444,2014,20,BURGLARY,1261
1445,2014,20,FAMILIAL CRIME,148
1446,2014,20,FRAUD,828
1447,2014,20,GAMBLING,93
1448,2014,20,KIDNAPPING,10
1449,2014,20,MURDER,10
1450,2014,20,OTHER,655
1451,2014,20,ROBBERY,529
1452,2014,20,SEXUAL CRIMES,237
1453,2014,20,THEFT,1468
1454,2014,20,VANDALISM,860
1455,2014,20,WEAPON,57
1456,2014,21,ASSAULT,817
1457,2014,21,BATTERY,656
1458,2014,21,BURGLARY,1430
1459,2014,21,FAMILIAL CRIME,110
1460,2014,21,FRAUD,1710
1461,2014,21,GAMBLING,97
1462,2014,21,KIDNAPPING,8
1463,2014,21,MURDER,2
1464,2014,21,OTHER,683
1465,2014,21,ROBBERY,194
1466,2014,21,SEXUAL CRIMES,202
1467,2014,21,THEFT,1291
1468,2014,21,VANDALISM,765
1469,2014,21,WEAPON,31
1470,2015,1,ASSAULT,1371
1471,2015,1,BATTERY,1545
1472,2015,1,BURGLARY,974
1473,2015,1,FAMILIAL CRIME,26
1474,2015,1,FRAUD,833
1475,2015,1,GAMBLING,50
1476,2015,1,KIDNAPPING,19
1477,2015,1,MURDER,11
1478,2015,1,OTHER,726
1479,2015,1,ROBBERY,688
1480,2015,1,SEXUAL CRIMES,245
1481,2015,1,THEFT,1690
1482,2015,1,VANDALISM,810
1483,2015,1,WEAPON,102
1484,2015,2,ASSAULT,1434
1485,2015,2,BATTERY,1027
1486,2015,2,BURGLARY,1158
1487,2015,2,FAMILIAL CRIME,158
1488,2015,2,FRAUD,615
1489,2015,2,GAMBLING,30
1490,2015,2,KIDNAPPING,11
1491,2015,2,MURDER,11
1492,2015,2,OTHER,692
1493,2015,2,ROBBERY,663
1494,2015,2,SEXUAL CRIMES,239
1495,2015,2,THEFT,1577
1496,2015,2,VANDALISM,878
1497,2015,2,WEAPON,127
1498,2015,3,ASSAULT,1836
1499,2015,3,BATTERY,1414
1500,2015,3,BURGLARY,1653
1501,2015,3,FAMILIAL CRIME,195
1502,2015,3,FRAUD,1558
1503,2015,3,GAMBLING,45
1504,2015,3,KIDNAPPING,23
1505,2015,3,MURDER,21
1506,2015,3,OTHER,1034
1507,2015,3,ROBBERY,817
1508,2015,3,SEXUAL CRIMES,329
1509,2015,3,THEFT,2306
1510,2015,3,VANDALISM,1182
1511,2015,3,WEAPON,152
1512,2015,4,ASSAULT,1188
1513,2015,4,BATTERY,828
1514,2015,4,BURGLARY,858
1515,2015,4,FAMILIAL CRIME,139
1516,2015,4,FRAUD,517
1517,2015,4,GAMBLING,50
1518,2015,4,KIDNAPPING,12
1519,2015,4,MURDER,12
1520,2015,4,OTHER,609
1521,2015,4,ROBBERY,296
1522,2015,4,SEXUAL CRIMES,181
1523,2015,4,THEFT,1861
1524,2015,4,VANDALISM,841
1525,2015,4,WEAPON,102
1526,2015,5,ASSAULT,1135
1527,2015,5,BATTERY,614
1528,2015,5,BURGLARY,1535
1529,2015,5,FAMILIAL CRIME,124
1530,2015,5,FRAUD,1055
1531,2015,5,GAMBLING,66
1532,2015,5,KIDNAPPING,8
1533,2015,5,MURDER,10
1534,2015,5,OTHER,777
1535,2015,5,ROBBERY,308
1536,2015,5,SEXUAL CRIMES,136
1537,2015,5,THEFT,2041
1538,2015,5,VANDALISM,1017
1539,2015,5,WEAPON,111
1540,2015,6,ASSAULT,912
1541,2015,6,BATTERY,1107
1542,2015,6,BURGLARY,1372
1543,2015,6,FAMILIAL CRIME,63
1544,2015,6,FRAUD,960
1545,2015,6,GAMBLING,36
1546,2015,6,KIDNAPPING,6
1547,2015,6,MURDER,8
1548,2015,6,OTHER,739
1549,2015,6,ROBBERY,437
1550,2015,6,SEXUAL CRIMES,262
1551,2015,6,THEFT,1834
1552,2015,6,VANDALISM,973
1553,2015,6,WEAPON,84
1554,2015,7,ASSAULT,688
1555,2015,7,BATTERY,671
1556,2015,7,BURGLARY,1488
1557,2015,7,FAMILIAL CRIME,84
1558,2015,7,FRAUD,1180
1559,2015,7,GAMBLING,83
1560,2015,7,KIDNAPPING,6
1561,2015,7,MURDER,4
1562,2015,7,OTHER,516
1563,2015,7,ROBBERY,298
1564,2015,7,SEXUAL CRIMES,187
1565,2015,7,THEFT,1605
1566,2015,7,VANDALISM,737
1567,2015,7,WEAPON,63
1568,2015,8,ASSAULT,555
1569,2015,8,BATTERY,823
1570,2015,8,BURGLARY,1778
1571,2015,8,FAMILIAL CRIME,44
1572,2015,8,FRAUD,1481
1573,2015,8,GAMBLING,81
1574,2015,8,KIDNAPPING,9
1575,2015,8,MURDER,2
1576,2015,8,OTHER,776
1577,2015,8,ROBBERY,176
1578,2015,8,SEXUAL CRIMES,280
1579,2015,8,THEFT,1906
1580,2015,8,VANDALISM,810
1581,2015,8,WEAPON,50
1582,2015,9,ASSAULT,1078
1583,2015,9,BATTERY,891
1584,2015,9,BURGLARY,1482
1585,2015,9,FAMILIAL CRIME,123
1586,2015,9,FRAUD,1477
1587,2015,9,GAMBLING,50
1588,2015,9,KIDNAPPING,15
1589,2015,9,MURDER,8
1590,2015,9,OTHER,822
1591,2015,9,ROBBERY,241
1592,2015,9,SEXUAL CRIMES,274
1593,2015,9,THEFT,1924
1594,2015,9,VANDALISM,1002
1595,2015,9,WEAPON,112
1596,2015,10,ASSAULT,818
1597,2015,10,BATTERY,580
1598,2015,10,BURGLARY,1583
1599,2015,10,FAMILIAL CRIME,93
1600,2015,10,FRAUD,1283
1601,2015,10,GAMBLING,100
1602,2015,10,KIDNAPPING,6
1603,2015,10,MURDER,5
1604,2015,10,OTHER,719
1605,2015,10,ROBBERY,207
1606,2015,10,SEXUAL CRIMES,195
1607,2015,10,THEFT,1642
1608,2015,10,VANDALISM,788
1609,2015,10,WEAPON,62
1610,2015,11,ASSAULT,994
1611,2015,11,BATTERY,776
1612,2015,11,BURGLARY,1559
1613,2015,11,FAMILIAL CRIME,100
1614,2015,11,FRAUD,1206
1615,2015,11,GAMBLING,89
1616,2015,11,KIDNAPPING,11
1617,2015,11,MURDER,13
1618,2015,11,OTHER,804
1619,2015,11,ROBBERY,318
1620,2015,11,SEXUAL CRIMES,232
1621,2015,11,THEFT,2220
1622,2015,11,VANDALISM,1170
1623,2015,11,WEAPON,69
1624,2015,12,ASSAULT,2851
1625,2015,12,BATTERY,1350
1626,2015,12,BURGLARY,1563
1627,2015,12,FAMILIAL CRIME,259
1628,2015,12,FRAUD,955
1629,2015,12,GAMBLING,90
1630,2015,12,KIDNAPPING,40
1631,2015,12,MURDER,53
1632,2015,12,OTHER,1184
1633,2015,12,ROBBERY,1051
1634,2015,12,SEXUAL CRIMES,293
1635,2015,12,THEFT,2559
1636,2015,12,VANDALISM,1398
1637,2015,12,WEAPON,213
1638,2015,13,ASSAULT,1645
1639,2015,13,BATTERY,943
1640,2015,13,BURGLARY,1109
1641,2015,13,FAMILIAL CRIME,142
1642,2015,13,FRAUD,419
1643,2015,13,GAMBLING,82
1644,2015,13,KIDNAPPING,9
1645,2015,13,MURDER,27
1646,2015,13,OTHER,781
1647,2015,13,ROBBERY,690
1648,2015,13,SEXUAL CRIMES,159
1649,2015,13,THEFT,1876
1650,2015,13,VANDALISM,892
1651,2015,13,WEAPON,181
1652,2015,14,ASSAULT,789
1653,2015,14,BATTERY,828
1654,2015,14,BURGLARY,2036
1655,2015,14,FAMILIAL CRIME,43
1656,2015,14,FRAUD,1436
1657,2015,14,GAMBLING,97
1658,2015,14,KIDNAPPING,8
1659,2015,14,MURDER,10
1660,2015,14,OTHER,740
1661,2015,14,ROBBERY,263
1662,2015,14,SEXUAL CRIMES,236
1663,2015,14,THEFT,2717
1664,2015,14,VANDALISM,1011
1665,2015,14,WEAPON,54
1666,2015,15,ASSAULT,1117
1667,2015,15,BATTERY,843
1668,2015,15,BURGLARY,1918
1669,2015,15,FAMILIAL CRIME,114
1670,2015,15,FRAUD,1837
1671,2015,15,GAMBLING,98
1672,2015,15,KIDNAPPING,19
1673,2015,15,MURDER,7
1674,2015,15,OTHER,827
1675,2015,15,ROBBERY,240
1676,2015,15,SEXUAL CRIMES,267
1677,2015,15,THEFT,2301
1678,2015,15,VANDALISM,1104
1679,2015,15,WEAPON,105
1680,2015,16,ASSAULT,962
1681,2015,16,BATTERY,534
1682,2015,16,BURGLARY,1059
1683,2015,16,FAMILIAL CRIME,151
1684,2015,16,FRAUD,937
1685,2015,16,GAMBLING,88
1686,2015,16,KIDNAPPING,7
1687,2015,16,MURDER,13
1688,2015,16,OTHER,588
1689,2015,16,ROBBERY,194
1690,2015,16,SEXUAL CRIMES,173
1691,2015,16,THEFT,1678
1692,2015,16,VANDALISM,802
1693,2015,16,WEAPON,68
1694,2015,17,ASSAULT,764
1695,2015,17,BATTERY,687
1696,2015,17,BURGLARY,1984
1697,2015,17,FAMILIAL CRIME,90
1698,2015,17,FRAUD,1849
1699,2015,17,GAMBLING,98
1700,2015,17,KIDNAPPING,8
1701,2015,17,MURDER,3
1702,2015,17,OTHER,759
1703,2015,17,ROBBERY,185
1704,2015,17,SEXUAL CRIMES,210
1705,2015,17,THEFT,1718
1706,2015,17,VANDALISM,806
1707,2015,17,WEAPON,63
1708,2015,18,ASSAULT,2073
1709,2015,18,BATTERY,1100
1710,2015,18,BURGLARY,1351
1711,2015,18,FAMILIAL CRIME,164
1712,2015,18,FRAUD,445
1713,2015,18,GAMBLING,14
1714,2015,18,KIDNAPPING,18
1715,2015,18,MURDER,34
1716,2015,18,OTHER,922
1717,2015,18,ROBBERY,815
1718,2015,18,SEXUAL CRIMES,224
1719,2015,18,THEFT,1991
1720,2015,18,VANDALISM,1160
1721,2015,18,WEAPON,193
1722,2015,19,ASSAULT,1371
1723,2015,19,BATTERY,846
1724,2015,19,BURGLARY,1399
1725,2015,19,FAMILIAL CRIME,197
1726,2015,19,FRAUD,1351
1727,2015,19,GAMBLING,43
1728,2015,19,KIDNAPPING,19
1729,2015,19,MURDER,17
1730,2015,19,OTHER,924
1731,2015,19,ROBBERY,285
1732,2015,19,SEXUAL CRIMES,267
1733,2015,19,THEFT,2075
1734,2015,19,VANDALISM,1029
1735,2015,19,WEAPON,116
1736,2015,20,ASSAULT,1155
1737,2015,20,BATTERY,1092
1738,2015,20,BURGLARY,1511
1739,2015,20,FAMILIAL CRIME,117
1740,2015,20,FRAUD,899
1741,2015,20,GAMBLING,61
1742,2015,20,KIDNAPPING,10
1743,2015,20,MURDER,10
1744,2015,20,OTHER,675
1745,2015,20,ROBBERY,610
1746,2015,20,SEXUAL CRIMES,230
1747,2015,20,THEFT,1763
1748,2015,20,VANDALISM,890
1749,2015,20,WEAPON,101
1750,2015,21,ASSAULT,988
1751,2015,21,BATTERY,637
1752,2015,21,BURGLARY,1519
1753,2015,21,FAMILIAL CRIME,100
1754,2015,21,FRAUD,1907
1755,2015,21,GAMBLING,120
1756,2015,21,KIDNAPPING,5
1757,2015,21,MURDER,4
1758,2015,21,OTHER,824
1759,2015,21,ROBBERY,219
1760,2015,21,SEXUAL CRIMES,247
1761,2015,21,THEFT,1552
1762,2015,21,VANDALISM,749
1763,2015,21,WEAPON,55
1764,2016,1,ASSAULT,1335
1765,2016,1,BATTERY,1679
1766,2016,1,BURGLARY,1088
1767,2016,1,FAMILIAL CRIME,40
1768,2016,1,FRAUD,899
1769,2016,1,GAMBLING,106
1770,2016,1,KIDNAPPING,10
1771,2016,1,MURDER,11
1772,2016,1,OTHER,780
1773,2016,1,ROBBERY,682
1774,2016,1,SEXUAL CRIMES,232
1775,2016,1,THEFT,1669
1776,2016,1,VANDALISM,943
1777,2016,1,WEAPON,125
1778,2016,2,ASSAULT,1345
1779,2016,2,BATTERY,990
1780,2016,2,BURGLARY,1083
1781,2016,2,FAMILIAL CRIME,112
1782,2016,2,FRAUD,655
1783,2016,2,GAMBLING,96
1784,2016,2,KIDNAPPING,10
1785,2016,2,MURDER,22
1786,2016,2,OTHER,718
1787,2016,2,ROBBERY,640
1788,2016,2,SEXUAL CRIMES,231
1789,2016,2,THEFT,1581
1790,2016,2,VANDALISM,943
1791,2016,2,WEAPON,134
1792,2016,3,ASSAULT,2021
1793,2016,3,BATTERY,1326
1794,2016,3,BURGLARY,1593
1795,2016,3,FAMILIAL CRIME,194
1796,2016,3,FRAUD,1314
1797,2016,3,GAMBLING,67
1798,2016,3,KIDNAPPING,13
1799,2016,3,MURDER,33
1800,2016,3,OTHER,1037
1801,2016,3,ROBBERY,825
1802,2016,3,SEXUAL CRIMES,324
1803,2016,3,THEFT,2693
1804,2016,3,VANDALISM,1373
1805,2016,3,WEAPON,236
1806,2016,4,ASSAULT,1376
1807,2016,4,BATTERY,961
1808,2016,4,BURGLARY,1081
1809,2016,4,FAMILIAL CRIME,151
1810,2016,4,FRAUD,515
1811,2016,4,GAMBLING,39
1812,2016,4,KIDNAPPING,13
1813,2016,4,MURDER,14
1814,2016,4,OTHER,759
1815,2016,4,ROBBERY,328
1816,2016,4,SEXUAL CRIMES,169
1817,2016,4,THEFT,2031
1818,2016,4,VANDALISM,1004
1819,2016,4,WEAPON,167
1820,2016,5,ASSAULT,1211
1821,2016,5,BATTERY,767
1822,2016,5,BURGLARY,1391
1823,2016,5,FAMILIAL CRIME,158
1824,2016,5,FRAUD,726
1825,2016,5,GAMBLING,73
1826,2016,5,KIDNAPPING,3
1827,2016,5,MURDER,20
1828,2016,5,OTHER,873
1829,2016,5,ROBBERY,372
1830,2016,5,SEXUAL CRIMES,157
1831,2016,5,THEFT,2006
1832,2016,5,VANDALISM,1032
1833,2016,5,WEAPON,203
1834,2016,6,ASSAULT,984
1835,2016,6,BATTERY,1199
1836,2016,6,BURGLARY,1566
1837,2016,6,FAMILIAL CRIME,39
1838,2016,6,FRAUD,869
1839,2016,6,GAMBLING,99
1840,2016,6,KIDNAPPING,10
1841,2016,6,MURDER,7
1842,2016,6,OTHER,835
1843,2016,6,ROBBERY,551
1844,2016,6,SEXUAL CRIMES,248
1845,2016,6,THEFT,1998
1846,2016,6,VANDALISM,1054
1847,2016,6,WEAPON,82
1848,2016,7,ASSAULT,738
1849,2016,7,BATTERY,655
1850,2016,7,BURGLARY,1647
1851,2016,7,FAMILIAL CRIME,81
1852,2016,7,FRAUD,1195
1853,2016,7,GAMBLING,105
1854,2016,7,KIDNAPPING,5
1855,2016,7,MURDER,5
1856,2016,7,OTHER,608
1857,2016,7,ROBBERY,352
1858,2016,7,SEXUAL CRIMES,173
1859,2016,7,THEFT,1745
1860,2016,7,VANDALISM,889
1861,2016,7,WEAPON,87
1862,2016,8,ASSAULT,439
1863,2016,8,BATTERY,697
1864,2016,8,BURGLARY,1855
1865,2016,8,FAMILIAL CRIME,47
1866,2016,8,FRAUD,1357
1867,2016,8,GAMBLING,111
1868,2016,8,KIDNAPPING,3
1869,2016,8,MURDER,1
1870,2016,8,OTHER,638
1871,2016,8,ROBBERY,205
1872,2016,8,SEXUAL CRIMES,252
1873,2016,8,THEFT,2029
1874,2016,8,VANDALISM,782
1875,2016,8,WEAPON,71
1876,2016,9,ASSAULT,1006
1877,2016,9,BATTERY,852
1878,2016,9,BURGLARY,1640
1879,2016,9,FAMILIAL CRIME,111
1880,2016,9,FRAUD,1587
1881,2016,9,GAMBLING,82
1882,2016,9,KIDNAPPING,20
1883,2016,9,MURDER,7
1884,2016,9,OTHER,767
1885,2016,9,ROBBERY,297
1886,2016,9,SEXUAL CRIMES,240
1887,2016,9,THEFT,1932
1888,2016,9,VANDALISM,899
1889,2016,9,WEAPON,116
1890,2016,10,ASSAULT,799
1891,2016,10,BATTERY,647
1892,2016,10,BURGLARY,1932
1893,2016,10,FAMILIAL CRIME,75
1894,2016,10,FRAUD,1355
1895,2016,10,GAMBLING,107
1896,2016,10,KIDNAPPING,10
1897,2016,10,MURDER,5
1898,2016,10,OTHER,785
1899,2016,10,ROBBERY,273
1900,2016,10,SEXUAL CRIMES,238
1901,2016,10,THEFT,1828
1902,2016,10,VANDALISM,846
1903,2016,10,WEAPON,80
1904,2016,11,ASSAULT,964
1905,2016,11,BATTERY,729
1906,2016,11,BURGLARY,1794
1907,2016,11,FAMILIAL CRIME,120
1908,2016,11,FRAUD,1063
1909,2016,11,GAMBLING,91
1910,2016,11,KIDNAPPING,16
1911,2016,11,MURDER,10
1912,2016,11,OTHER,837
1913,2016,11,ROBBERY,308
1914,2016,11,SEXUAL CRIMES,204
1915,2016,11,THEFT,2370
1916,2016,11,VANDALISM,1028
1917,2016,11,WEAPON,90
1918,2016,12,ASSAULT,2894
1919,2016,12,BATTERY,1328
1920,2016,12,BURGLARY,1567
1921,2016,12,FAMILIAL CRIME,250
1922,2016,12,FRAUD,828
1923,2016,12,GAMBLING,85
1924,2016,12,KIDNAPPING,42
1925,2016,12,MURDER,45
1926,2016,12,OTHER,1229
1927,2016,12,ROBBERY,1241
1928,2016,12,SEXUAL CRIMES,290
1929,2016,12,THEFT,2966
1930,2016,12,VANDALISM,1522
1931,2016,12,WEAPON,316
1932,2016,13,ASSAULT,1799
1933,2016,13,BATTERY,1045
1934,2016,13,BURGLARY,1136
1935,2016,13,FAMILIAL CRIME,161
1936,2016,13,FRAUD,437
1937,2016,13,GAMBLING,83
1938,2016,13,KIDNAPPING,18
1939,2016,13,MURDER,20
1940,2016,13,OTHER,868
1941,2016,13,ROBBERY,854
1942,2016,13,SEXUAL CRIMES,173
1943,2016,13,THEFT,2500
1944,2016,13,VANDALISM,1038
1945,2016,13,WEAPON,235
1946,2016,14,ASSAULT,852
1947,2016,14,BATTERY,790
1948,2016,14,BURGLARY,2005
1949,2016,14,FAMILIAL CRIME,71
1950,2016,14,FRAUD,1328
1951,2016,14,GAMBLING,119
1952,2016,14,KIDNAPPING,4
1953,2016,14,MURDER,7
1954,2016,14,OTHER,705
1955,2016,14,ROBBERY,342
1956,2016,14,SEXUAL CRIMES,197
1957,2016,14,THEFT,2973
1958,2016,14,VANDALISM,1017
1959,2016,14,WEAPON,79
1960,2016,15,ASSAULT,1061
1961,2016,15,BATTERY,809
1962,2016,15,BURGLARY,2085
1963,2016,15,FAMILIAL CRIME,97
1964,2016,15,FRAUD,1758
1965,2016,15,GAMBLING,133
1966,2016,15,KIDNAPPING,3
1967,2016,15,MURDER,12
1968,2016,15,OTHER,822
1969,2016,15,ROBBERY,290
1970,2016,15,SEXUAL CRIMES,268
1971,2016,15,THEFT,2594
1972,2016,15,VANDALISM,1136
1973,2016,15,WEAPON,108
1974,2016,16,ASSAULT,969
1975,2016,16,BATTERY,653
1976,2016,16,BURGLARY,1036
1977,2016,16,FAMILIAL CRIME,149
1978,2016,16,FRAUD,851
1979,2016,16,GAMBLING,70
1980,2016,16,KIDNAPPING,7
1981,2016,16,MURDER,10
1982,2016,16,OTHER,587
1983,2016,16,ROBBERY,244
1984,2016,16,SEXUAL CRIMES,175
1985,2016,16,THEFT,1683
1986,2016,16,VANDALISM,930
1987,2016,16,WEAPON,94
1988,2016,17,ASSAULT,736
1989,2016,17,BATTERY,650
1990,2016,17,BURGLARY,1899
1991,2016,17,FAMILIAL CRIME,126
1992,2016,17,FRAUD,1977
1993,2016,17,GAMBLING,124
1994,2016,17,KIDNAPPING,9
1995,2016,17,MURDER,7
1996,2016,17,OTHER,694
1997,2016,17,ROBBERY,255
1998,2016,17,SEXUAL CRIMES,226
1999,2016,17,THEFT,1935
2000,2016,17,VANDALISM,824
2001,2016,17,WEAPON,72
2002,2016,18,ASSAULT,2128
2003,2016,18,BATTERY,1016
2004,2016,18,BURGLARY,1400
2005,2016,18,FAMILIAL CRIME,191
2006,2016,18,FRAUD,472
2007,2016,18,GAMBLING,40
2008,2016,18,KIDNAPPING,25
2009,2016,18,MURDER,26
2010,2016,18,OTHER,961
2011,2016,18,ROBBERY,891
2012,2016,18,SEXUAL CRIMES,208
2013,2016,18,THEFT,2078
2014,2016,18,VANDALISM,1217
2015,2016,18,WEAPON,256
2016,2016,19,ASSAULT,1361
2017,2016,19,BATTERY,907
2018,2016,19,BURGLARY,1439
2019,2016,19,FAMILIAL CRIME,183
2020,2016,19,FRAUD,1178
2021,2016,19,GAMBLING,81
2022,2016,19,KIDNAPPING,11
2023,2016,19,MURDER,15
2024,2016,19,OTHER,926
2025,2016,19,ROBBERY,421
2026,2016,19,SEXUAL CRIMES,251
2027,2016,19,THEFT,2250
2028,2016,19,VANDALISM,1151
2029,2016,19,WEAPON,137
2030,2016,20,ASSAULT,1278
2031,2016,20,BATTERY,1080
2032,2016,20,BURGLARY,1752
2033,2016,20,FAMILIAL CRIME,89
2034,2016,20,FRAUD,878
2035,2016,20,GAMBLING,106
2036,2016,20,KIDNAPPING,15
2037,2016,20,MURDER,8
2038,2016,20,OTHER,729
2039,2016,20,ROBBERY,612
2040,2016,20,SEXUAL CRIMES,220
2041,2016,20,THEFT,1906
2042,2016,20,VANDALISM,1034
2043,2016,20,WEAPON,110
2044,2016,21,ASSAULT,946
2045,2016,21,BATTERY,755
2046,2016,21,BURGLARY,1762
2047,2016,21,FAMILIAL CRIME,94
2048,2016,21,FRAUD,1954
2049,2016,21,GAMBLING,183
2050,2016,21,KIDNAPPING,5
2051,2016,21,MURDER,9
2052,2016,21,OTHER,843
2053,2016,21,ROBBERY,314
2054,2016,21,SEXUAL CRIMES,243
2055,2016,21,THEFT,1824
2056,2016,21,VANDALISM,886
2057,2016,21,WEAPON,101
2058,2017,1,ASSAULT,1021
2059,2017,1,BATTERY,1227
2060,2017,1,BURGLARY,869
2061,2017,1,FAMILIAL CRIME,27
2062,2017,1,FRAUD,495
2063,2017,1,GAMBLING,68
2064,2017,1,KIDNAPPING,7
2065,2017,1,MURDER,15
2066,2017,1,OTHER,529
2067,2017,1,ROBBERY,504
2068,2017,1,SEXUAL CRIMES,175
2069,2017,1,THEFT,1177
2070,2017,1,VANDALISM,679
2071,2017,1,WEAPON,131
2072,2017,2,ASSAULT,933
2073,2017,2,BATTERY,752
2074,2017,2,BURGLARY,862
2075,2017,2,FAMILIAL CRIME,85
2076,2017,2,FRAUD,359
2077,2017,2,GAMBLING,54
2078,2017,2,KIDNAPPING,6
2079,2017,2,MURDER,7
2080,2017,2,OTHER,508
2081,2017,2,ROBBERY,482
2082,2017,2,SEXUAL CRIMES,153
2083,2017,2,THEFT,1061
2084,2017,2,VANDALISM,672
2085,2017,2,WEAPON,124
2086,2017,3,ASSAULT,1423
2087,2017,3,BATTERY,841
2088,2017,3,BURGLARY,1137
2089,2017,3,FAMILIAL CRIME,77
2090,2017,3,FRAUD,695
2091,2017,3,GAMBLING,64
2092,2017,3,KIDNAPPING,15
2093,2017,3,MURDER,11
2094,2017,3,OTHER,707
2095,2017,3,ROBBERY,574
2096,2017,3,SEXUAL CRIMES,190
2097,2017,3,THEFT,1834
2098,2017,3,VANDALISM,904
2099,2017,3,WEAPON,180
2100,2017,4,ASSAULT,882
2101,2017,4,BATTERY,665
2102,2017,4,BURGLARY,601
2103,2017,4,FAMILIAL CRIME,93
2104,2017,4,FRAUD,329
2105,2017,4,GAMBLING,29
2106,2017,4,KIDNAPPING,10
2107,2017,4,MURDER,11
2108,2017,4,OTHER,542
2109,2017,4,ROBBERY,217
2110,2017,4,SEXUAL CRIMES,123
2111,2017,4,THEFT,1366
2112,2017,4,VANDALISM,702
2113,2017,4,WEAPON,133
2114,2017,5,ASSAULT,854
2115,2017,5,BATTERY,604
2116,2017,5,BURGLARY,942
2117,2017,5,FAMILIAL CRIME,80
2118,2017,5,FRAUD,483
2119,2017,5,GAMBLING,66
2120,2017,5,KIDNAPPING,2
2121,2017,5,MURDER,12
2122,2017,5,OTHER,602
2123,2017,5,ROBBERY,256
2124,2017,5,SEXUAL CRIMES,117
2125,2017,5,THEFT,1362
2126,2017,5,VANDALISM,776
2127,2017,5,WEAPON,119
2128,2017,6,ASSAULT,759
2129,2017,6,BATTERY,868
2130,2017,6,BURGLARY,1272
2131,2017,6,FAMILIAL CRIME,25
2132,2017,6,FRAUD,523
2133,2017,6,GAMBLING,94
2134,2017,6,KIDNAPPING,4
2135,2017,6,MURDER,2
2136,2017,6,OTHER,582
2137,2017,6,ROBBERY,333
2138,2017,6,SEXUAL CRIMES,178
2139,2017,6,THEFT,1263
2140,2017,6,VANDALISM,754
2141,2017,6,WEAPON,81
2142,2017,7,ASSAULT,537
2143,2017,7,BATTERY,468
2144,2017,7,BURGLARY,1275
2145,2017,7,FAMILIAL CRIME,51
2146,2017,7,FRAUD,610
2147,2017,7,GAMBLING,79
2148,2017,7,KIDNAPPING,3
2149,2017,7,MURDER,4
2150,2017,7,OTHER,477
2151,2017,7,ROBBERY,270
2152,2017,7,SEXUAL CRIMES,125
2153,2017,7,THEFT,1204
2154,2017,7,VANDALISM,642
2155,2017,7,WEAPON,67
2156,2017,8,ASSAULT,309
2157,2017,8,BATTERY,431
2158,2017,8,BURGLARY,1346
2159,2017,8,FAMILIAL CRIME,28
2160,2017,8,FRAUD,650
2161,2017,8,GAMBLING,94
2162,2017,8,KIDNAPPING,9
2163,2017,8,MURDER,2
2164,2017,8,OTHER,379
2165,2017,8,ROBBERY,149
2166,2017,8,SEXUAL CRIMES,141
2167,2017,8,THEFT,1297
2168,2017,8,VANDALISM,475
2169,2017,8,WEAPON,35
2170,2017,9,ASSAULT,657
2171,2017,9,BATTERY,569
2172,2017,9,BURGLARY,1191
2173,2017,9,FAMILIAL CRIME,46
2174,2017,9,FRAUD,950
2175,2017,9,GAMBLING,60
2176,2017,9,KIDNAPPING,10
2177,2017,9,MURDER,5
2178,2017,9,OTHER,572
2179,2017,9,ROBBERY,182
2180,2017,9,SEXUAL CRIMES,135
2181,2017,9,THEFT,1352
2182,2017,9,VANDALISM,584
2183,2017,9,WEAPON,88
2184,2017,10,ASSAULT,573
2185,2017,10,BATTERY,489
2186,2017,10,BURGLARY,1207
2187,2017,10,FAMILIAL CRIME,49
2188,2017,10,FRAUD,903
2189,2017,10,GAMBLING,59
2190,2017,10,KIDNAPPING,8
2191,2017,10,MURDER,6
2192,2017,10,OTHER,628
2193,2017,10,ROBBERY,172
2194,2017,10,SEXUAL CRIMES,146
2195,2017,10,THEFT,1230
2196,2017,10,VANDALISM,545
2197,2017,10,WEAPON,66
2198,2017,11,ASSAULT,745
2199,2017,11,BATTERY,513
2200,2017,11,BURGLARY,1259
2201,2017,11,FAMILIAL CRIME,63
2202,2017,11,FRAUD,639
2203,2017,11,GAMBLING,73
2204,2017,11,KIDNAPPING,6
2205,2017,11,MURDER,3
2206,2017,11,OTHER,583
2207,2017,11,ROBBERY,226
2208,2017,11,SEXUAL CRIMES,117
2209,2017,11,THEFT,1566
2210,2017,11,VANDALISM,720
2211,2017,11,WEAPON,80
2212,2017,12,ASSAULT,2018
2213,2017,12,BATTERY,933
2214,2017,12,BURGLARY,1170
2215,2017,12,FAMILIAL CRIME,150
2216,2017,12,FRAUD,442
2217,2017,12,GAMBLING,56
2218,2017,12,KIDNAPPING,23
2219,2017,12,MURDER,33
2220,2017,12,OTHER,866
2221,2017,12,ROBBERY,904
2222,2017,12,SEXUAL CRIMES,162
2223,2017,12,THEFT,1859
2224,2017,12,VANDALISM,982
2225,2017,12,WEAPON,208
2226,2017,13,ASSAULT,1317
2227,2017,13,BATTERY,708
2228,2017,13,BURGLARY,924
2229,2017,13,FAMILIAL CRIME,80
2230,2017,13,FRAUD,274
2231,2017,13,GAMBLING,122
2232,2017,13,KIDNAPPING,16
2233,2017,13,MURDER,12
2234,2017,13,OTHER,603
2235,2017,13,ROBBERY,663
2236,2017,13,SEXUAL CRIMES,71
2237,2017,13,THEFT,1751
2238,2017,13,VANDALISM,776
2239,2017,13,WEAPON,179
2240,2017,14,ASSAULT,625
2241,2017,14,BATTERY,605
2242,2017,14,BURGLARY,1387
2243,2017,14,FAMILIAL CRIME,39
2244,2017,14,FRAUD,702
2245,2017,14,GAMBLING,113
2246,2017,14,KIDNAPPING,3
2247,2017,14,MURDER,4
2248,2017,14,OTHER,535
2249,2017,14,ROBBERY,184
2250,2017,14,SEXUAL CRIMES,137
2251,2017,14,THEFT,2000
2252,2017,14,VANDALISM,705
2253,2017,14,WEAPON,84
2254,2017,15,ASSAULT,780
2255,2017,15,BATTERY,710
2256,2017,15,BURGLARY,1389
2257,2017,15,FAMILIAL CRIME,67
2258,2017,15,FRAUD,1031
2259,2017,15,GAMBLING,77
2260,2017,15,KIDNAPPING,13
2261,2017,15,MURDER,5
2262,2017,15,OTHER,660
2263,2017,15,ROBBERY,188
2264,2017,15,SEXUAL CRIMES,192
2265,2017,15,THEFT,1759
2266,2017,15,VANDALISM,828
2267,2017,15,WEAPON,97
2268,2017,16,ASSAULT,645
2269,2017,16,BATTERY,445
2270,2017,16,BURGLARY,692
2271,2017,16,FAMILIAL CRIME,70
2272,2017,16,FRAUD,482
2273,2017,16,GAMBLING,43
2274,2017,16,KIDNAPPING,11
2275,2017,16,MURDER,4
2276,2017,16,OTHER,425
2277,2017,16,ROBBERY,178
2278,2017,16,SEXUAL CRIMES,133
2279,2017,16,THEFT,1220
2280,2017,16,VANDALISM,571
2281,2017,16,WEAPON,81
2282,2017,17,ASSAULT,523
2283,2017,17,BATTERY,463
2284,2017,17,BURGLARY,1446
2285,2017,17,FAMILIAL CRIME,72
2286,2017,17,FRAUD,1015
2287,2017,17,GAMBLING,85
2288,2017,17,KIDNAPPING,7
2289,2017,17,MURDER,2
2290,2017,17,OTHER,477
2291,2017,17,ROBBERY,171
2292,2017,17,SEXUAL CRIMES,122
2293,2017,17,THEFT,1449
2294,2017,17,VANDALISM,584
2295,2017,17,WEAPON,72
2296,2017,18,ASSAULT,1458
2297,2017,18,BATTERY,735
2298,2017,18,BURGLARY,864
2299,2017,18,FAMILIAL CRIME,123
2300,2017,18,FRAUD,233
2301,2017,18,GAMBLING,25
2302,2017,18,KIDNAPPING,17
2303,2017,18,MURDER,23
2304,2017,18,OTHER,595
2305,2017,18,ROBBERY,753
2306,2017,18,SEXUAL CRIMES,136
2307,2017,18,THEFT,1472
2308,2017,18,VANDALISM,804
2309,2017,18,WEAPON,226
2310,2017,19,ASSAULT,976
2311,2017,19,BATTERY,562
2312,2017,19,BURGLARY,938
2313,2017,19,FAMILIAL CRIME,100
2314,2017,19,FRAUD,777
2315,2017,19,GAMBLING,51
2316,2017,19,KIDNAPPING,10
2317,2017,19,MURDER,11
2318,2017,19,OTHER,704
2319,2017,19,ROBBERY,247
2320,2017,19,SEXUAL CRIMES,163
2321,2017,19,THEFT,1468
2322,2017,19,VANDALISM,679
2323,2017,19,WEAPON,86
2324,2017,20,ASSAULT,847
2325,2017,20,BATTERY,791
2326,2017,20,BURGLARY,1316
2327,2017,20,FAMILIAL CRIME,62
2328,2017,20,FRAUD,506
2329,2017,20,GAMBLING,94
2330,2017,20,KIDNAPPING,6
2331,2017,20,MURDER,6
2332,2017,20,OTHER,470
2333,2017,20,ROBBERY,490
2334,2017,20,SEXUAL CRIMES,138
2335,2017,20,THEFT,1396
2336,2017,20,VANDALISM,672
2337,2017,20,WEAPON,109
2338,2017,21,ASSAULT,610
2339,2017,21,BATTERY,521
2340,2017,21,BURGLARY,1098
2341,2017,21,FAMILIAL CRIME,63
2342,2017,21,FRAUD,1147
2343,2017,21,GAMBLING,86
2344,2017,21,KIDNAPPING,3
2345,2017,21,MURDER,1
2346,2017,21,OTHER,533
2347,2017,21,ROBBERY,227
2348,2017,21,SEXUAL CRIMES,145
2349,2017,21,THEFT,1233
2350,2017,21,VANDALISM,595
2351,2017,21,WEAPON,81
